model_family,run_timestamp,short_description,split,metric,value,source_file
YOLOv8,2026-07-14 16:03:31.090356,YOLOv8 archived detector,detector_validation,validation_precision,0.98797,checkpoints/yolov8/archive/best.pt
YOLOv8,2026-07-14 16:03:31.090356,YOLOv8 archived detector,detector_validation,validation_recall,0.98812,checkpoints/yolov8/archive/best.pt
YOLOv8,2026-07-14 16:03:31.090356,YOLOv8 archived detector,detector_validation,validation_map50,0.98871,checkpoints/yolov8/archive/best.pt
YOLOv8,2026-07-14 16:03:31.090356,YOLOv8 archived detector,detector_validation,validation_map50_95,0.81358,checkpoints/yolov8/archive/best.pt
DenseNet-121,2026-07-15 13:42:33,DENSENET121 - Baseline CE (No Regularization),test,accuracy,0.6691,docs/report/dense_net_121/experiment_summary.csv
DenseNet-121,2026-07-15 13:42:33,DENSENET121 - Baseline CE (No Regularization),test,qwk,0.8058,docs/report/dense_net_121/experiment_summary.csv
DenseNet-121,2026-07-15 13:42:33,DENSENET121 - Baseline CE (No Regularization),test,macro_f1,0.67,docs/report/dense_net_121/experiment_summary.csv
DenseNet-121,2026-07-15 13:42:33,DENSENET121 - Baseline CE (No Regularization),test,grade1_recall,0.22,docs/report/dense_net_121/experiment_summary.csv
DenseNet-121,2026-07-15 13:42:33,DENSENET121 - Baseline CE (No Regularization),test,average_precision,0.7009,docs/report/dense_net_121/experiment_summary.csv
DenseNet-121,2026-07-15 13:42:33,DENSENET121 - Baseline CE (No Regularization),test,roc_auc,0.8798,docs/report/dense_net_121/experiment_summary.csv
DenseNet-121,2026-07-15 17:30:22,DENSENET121 - Balanced Sampler + Minority Augmentations + Double Cutout,test,accuracy,0.6594,docs/report/dense_net_121/experiment_summary.csv
DenseNet-121,2026-07-15 17:30:22,DENSENET121 - Balanced Sampler + Minority Augmentations + Double Cutout,test,qwk,0.8283,docs/report/dense_net_121/experiment_summary.csv
DenseNet-121,2026-07-15 17:30:22,DENSENET121 - Balanced Sampler + Minority Augmentations + Double Cutout,test,macro_f1,0.68,docs/report/dense_net_121/experiment_summary.csv
DenseNet-121,2026-07-15 17:30:22,DENSENET121 - Balanced Sampler + Minority Augmentations + Double Cutout,test,grade1_recall,0.49,docs/report/dense_net_121/experiment_summary.csv
DenseNet-121,2026-07-15 17:30:22,DENSENET121 - Balanced Sampler + Minority Augmentations + Double Cutout,test,average_precision,0.7287,docs/report/dense_net_121/experiment_summary.csv
DenseNet-121,2026-07-15 17:30:22,DENSENET121 - Balanced Sampler + Minority Augmentations + Double Cutout,test,roc_auc,0.8993,docs/report/dense_net_121/experiment_summary.csv
DenseNet-121,2026-07-16 20:45:12,DENSENET121 - 3-Stage Focal CORN (Under-fit Baseline - Low LR 1e-5),test,accuracy,0.6087,docs/report/dense_net_121/experiment_summary.csv
DenseNet-121,2026-07-16 20:45:12,DENSENET121 - 3-Stage Focal CORN (Under-fit Baseline - Low LR 1e-5),test,qwk,0.7388,docs/report/dense_net_121/experiment_summary.csv
DenseNet-121,2026-07-16 20:45:12,DENSENET121 - 3-Stage Focal CORN (Under-fit Baseline - Low LR 1e-5),test,macro_f1,0.58,docs/report/dense_net_121/experiment_summary.csv
DenseNet-121,2026-07-16 20:45:12,DENSENET121 - 3-Stage Focal CORN (Under-fit Baseline - Low LR 1e-5),test,grade1_recall,0.12,docs/report/dense_net_121/experiment_summary.csv
DenseNet-121,2026-07-16 20:45:12,DENSENET121 - 3-Stage Focal CORN (Under-fit Baseline - Low LR 1e-5),test,average_precision,0.6775,docs/report/dense_net_121/experiment_summary.csv
DenseNet-121,2026-07-16 20:45:12,DENSENET121 - 3-Stage Focal CORN (Under-fit Baseline - Low LR 1e-5),test,roc_auc,0.8699,docs/report/dense_net_121/experiment_summary.csv
DenseNet-121,2026-07-17 10:33:24,DENSENET121 - 3-Stage Focal CORN (Optimized Learning Rates),test,accuracy,0.6612,docs/report/dense_net_121/experiment_summary.csv
DenseNet-121,2026-07-17 10:33:24,DENSENET121 - 3-Stage Focal CORN (Optimized Learning Rates),test,qwk,0.8271,docs/report/dense_net_121/experiment_summary.csv
DenseNet-121,2026-07-17 10:33:24,DENSENET121 - 3-Stage Focal CORN (Optimized Learning Rates),test,macro_f1,0.67,docs/report/dense_net_121/experiment_summary.csv
DenseNet-121,2026-07-17 10:33:24,DENSENET121 - 3-Stage Focal CORN (Optimized Learning Rates),test,grade1_recall,0.41,docs/report/dense_net_121/experiment_summary.csv
DenseNet-121,2026-07-17 10:33:24,DENSENET121 - 3-Stage Focal CORN (Optimized Learning Rates),test,average_precision,0.7280,docs/report/dense_net_121/experiment_summary.csv
DenseNet-121,2026-07-17 10:33:24,DENSENET121 - 3-Stage Focal CORN (Optimized Learning Rates),test,roc_auc,0.8984,docs/report/dense_net_121/experiment_summary.csv
DenseNet-121,2026-07-17 16:06:42,DENSENET121 - 3-Stage Focal CORN (Optimized Learning Rates & Patience - SOTA Peak),test,accuracy,0.6733,docs/report/dense_net_121/experiment_summary.csv
DenseNet-121,2026-07-17 16:06:42,DENSENET121 - 3-Stage Focal CORN (Optimized Learning Rates & Patience - SOTA Peak),test,qwk,0.8394,docs/report/dense_net_121/experiment_summary.csv
DenseNet-121,2026-07-17 16:06:42,DENSENET121 - 3-Stage Focal CORN (Optimized Learning Rates & Patience - SOTA Peak),test,macro_f1,0.69,docs/report/dense_net_121/experiment_summary.csv
DenseNet-121,2026-07-17 16:06:42,DENSENET121 - 3-Stage Focal CORN (Optimized Learning Rates & Patience - SOTA Peak),test,grade1_recall,0.44,docs/report/dense_net_121/experiment_summary.csv
DenseNet-121,2026-07-17 16:06:42,DENSENET121 - 3-Stage Focal CORN (Optimized Learning Rates & Patience - SOTA Peak),test,average_precision,0.7439,docs/report/dense_net_121/experiment_summary.csv
DenseNet-121,2026-07-17 16:06:42,DENSENET121 - 3-Stage Focal CORN (Optimized Learning Rates & Patience - SOTA Peak),test,roc_auc,0.9073,docs/report/dense_net_121/experiment_summary.csv
DenseNet-121,2026-07-17 22:15:13,DENSENET121 - 3-Stage Focal CORN (Last Block Unfrozen + Stage 3 Sampler Disabled) [LOGIC ERROR: Backbone Remained Frozen],test,accuracy,0.6498,docs/report/dense_net_121/experiment_summary.csv
DenseNet-121,2026-07-17 22:15:13,DENSENET121 - 3-Stage Focal CORN (Last Block Unfrozen + Stage 3 Sampler Disabled) [LOGIC ERROR: Backbone Remained Frozen],test,qwk,0.7564,docs/report/dense_net_121/experiment_summary.csv
DenseNet-121,2026-07-17 22:15:13,DENSENET121 - 3-Stage Focal CORN (Last Block Unfrozen + Stage 3 Sampler Disabled) [LOGIC ERROR: Backbone Remained Frozen],test,macro_f1,0.59,docs/report/dense_net_121/experiment_summary.csv
DenseNet-121,2026-07-17 22:15:13,DENSENET121 - 3-Stage Focal CORN (Last Block Unfrozen + Stage 3 Sampler Disabled) [LOGIC ERROR: Backbone Remained Frozen],test,grade1_recall,0.00,docs/report/dense_net_121/experiment_summary.csv
DenseNet-121,2026-07-17 22:15:13,DENSENET121 - 3-Stage Focal CORN (Last Block Unfrozen + Stage 3 Sampler Disabled) [LOGIC ERROR: Backbone Remained Frozen],test,average_precision,0.7059,docs/report/dense_net_121/experiment_summary.csv
DenseNet-121,2026-07-17 22:15:13,DENSENET121 - 3-Stage Focal CORN (Last Block Unfrozen + Stage 3 Sampler Disabled) [LOGIC ERROR: Backbone Remained Frozen],test,roc_auc,0.8814,docs/report/dense_net_121/experiment_summary.csv
DenseNet-121,2026-07-18 20:27:46,DENSENET121 - 3-Stage Focal CORN (Last Two Blocks Unfrozen + Stage 3 Sampler Moderated) [LOGIC ERROR: Backbone Remained Frozen],test,accuracy,0.6534,docs/report/dense_net_121/experiment_summary.csv
DenseNet-121,2026-07-18 20:27:46,DENSENET121 - 3-Stage Focal CORN (Last Two Blocks Unfrozen + Stage 3 Sampler Moderated) [LOGIC ERROR: Backbone Remained Frozen],test,qwk,0.7624,docs/report/dense_net_121/experiment_summary.csv
DenseNet-121,2026-07-18 20:27:46,DENSENET121 - 3-Stage Focal CORN (Last Two Blocks Unfrozen + Stage 3 Sampler Moderated) [LOGIC ERROR: Backbone Remained Frozen],test,macro_f1,0.60,docs/report/dense_net_121/experiment_summary.csv
DenseNet-121,2026-07-18 20:27:46,DENSENET121 - 3-Stage Focal CORN (Last Two Blocks Unfrozen + Stage 3 Sampler Moderated) [LOGIC ERROR: Backbone Remained Frozen],test,grade1_recall,0.00,docs/report/dense_net_121/experiment_summary.csv
DenseNet-121,2026-07-18 20:27:46,DENSENET121 - 3-Stage Focal CORN (Last Two Blocks Unfrozen + Stage 3 Sampler Moderated) [LOGIC ERROR: Backbone Remained Frozen],test,average_precision,0.7124,docs/report/dense_net_121/experiment_summary.csv
DenseNet-121,2026-07-18 20:27:46,DENSENET121 - 3-Stage Focal CORN (Last Two Blocks Unfrozen + Stage 3 Sampler Moderated) [LOGIC ERROR: Backbone Remained Frozen],test,roc_auc,0.8825,docs/report/dense_net_121/experiment_summary.csv
DenseNet-121,2026-07-18 22:03:35,DENSENET121 - 3-Stage Focal CORN (384x384 Resolution + Blocks 3 & 4 Unfrozen + Sampler Moderated) [LOGIC ERROR: Backbone Remained Frozen],test,accuracy,0.6564,docs/report/dense_net_121/experiment_summary.csv
DenseNet-121,2026-07-18 22:03:35,DENSENET121 - 3-Stage Focal CORN (384x384 Resolution + Blocks 3 & 4 Unfrozen + Sampler Moderated) [LOGIC ERROR: Backbone Remained Frozen],test,qwk,0.7796,docs/report/dense_net_121/experiment_summary.csv
DenseNet-121,2026-07-18 22:03:35,DENSENET121 - 3-Stage Focal CORN (384x384 Resolution + Blocks 3 & 4 Unfrozen + Sampler Moderated) [LOGIC ERROR: Backbone Remained Frozen],test,macro_f1,0.59,docs/report/dense_net_121/experiment_summary.csv
DenseNet-121,2026-07-18 22:03:35,DENSENET121 - 3-Stage Focal CORN (384x384 Resolution + Blocks 3 & 4 Unfrozen + Sampler Moderated) [LOGIC ERROR: Backbone Remained Frozen],test,grade1_recall,0.00,docs/report/dense_net_121/experiment_summary.csv
DenseNet-121,2026-07-18 22:03:35,DENSENET121 - 3-Stage Focal CORN (384x384 Resolution + Blocks 3 & 4 Unfrozen + Sampler Moderated) [LOGIC ERROR: Backbone Remained Frozen],test,average_precision,0.7297,docs/report/dense_net_121/experiment_summary.csv
DenseNet-121,2026-07-18 22:03:35,DENSENET121 - 3-Stage Focal CORN (384x384 Resolution + Blocks 3 & 4 Unfrozen + Sampler Moderated) [LOGIC ERROR: Backbone Remained Frozen],test,roc_auc,0.8976,docs/report/dense_net_121/experiment_summary.csv
DenseNet-121,2026-07-20 12:36:36,"DENSENET121 - 3-Stage CORN (400 Resize + 384 Crop, No TTA, Mild Erasing)",test,accuracy,0.6715,docs/report/dense_net_121/experiment_summary.csv
DenseNet-121,2026-07-20 12:36:36,"DENSENET121 - 3-Stage CORN (400 Resize + 384 Crop, No TTA, Mild Erasing)",test,qwk,0.8246,docs/report/dense_net_121/experiment_summary.csv
DenseNet-121,2026-07-20 12:36:36,"DENSENET121 - 3-Stage CORN (400 Resize + 384 Crop, No TTA, Mild Erasing)",test,macro_f1,0.68,docs/report/dense_net_121/experiment_summary.csv
DenseNet-121,2026-07-20 12:36:36,"DENSENET121 - 3-Stage CORN (400 Resize + 384 Crop, No TTA, Mild Erasing)",test,grade1_recall,0.31,docs/report/dense_net_121/experiment_summary.csv
DenseNet-121,2026-07-20 12:36:36,"DENSENET121 - 3-Stage CORN (400 Resize + 384 Crop, No TTA, Mild Erasing)",test,average_precision,0.7337,docs/report/dense_net_121/experiment_summary.csv
DenseNet-121,2026-07-20 12:36:36,"DENSENET121 - 3-Stage CORN (400 Resize + 384 Crop, No TTA, Mild Erasing)",test,roc_auc,0.8963,docs/report/dense_net_121/experiment_summary.csv
DenseNet-121,2026-07-20 17:09:20,Saved bestmodel.pth + Final-Layer Grad-CAM; Checkpoint provenance must be pinned,test,accuracy,0.6685,docs/report/dense_net_121/experiment_summary.csv
DenseNet-121,2026-07-20 17:09:20,Saved bestmodel.pth + Final-Layer Grad-CAM; Checkpoint provenance must be pinned,test,qwk,0.8223,docs/report/dense_net_121/experiment_summary.csv
DenseNet-121,2026-07-20 17:09:20,Saved bestmodel.pth + Final-Layer Grad-CAM; Checkpoint provenance must be pinned,test,average_precision,0.7345,docs/report/dense_net_121/experiment_summary.csv
DenseNet-121,2026-07-20 17:09:20,Saved bestmodel.pth + Final-Layer Grad-CAM; Checkpoint provenance must be pinned,test,roc_auc,0.8977,docs/report/dense_net_121/experiment_summary.csv
DenseNet-121,2026-07-21 15:07:17.633270,DENSENET121 - Canonical Final Linear CAM (CE + Laterality Canonicalization + Native CAM),test,accuracy,0.6534,docs/report/dense_net_121/experiment_summary.csv
DenseNet-121,2026-07-21 15:07:17.633270,DENSENET121 - Canonical Final Linear CAM (CE + Laterality Canonicalization + Native CAM),test,qwk,0.8238,docs/report/dense_net_121/experiment_summary.csv
DenseNet-121,2026-07-21 15:07:17.633270,DENSENET121 - Canonical Final Linear CAM (CE + Laterality Canonicalization + Native CAM),test,macro_f1,0.68,docs/report/dense_net_121/experiment_summary.csv
DenseNet-121,2026-07-21 15:07:17.633270,DENSENET121 - Canonical Final Linear CAM (CE + Laterality Canonicalization + Native CAM),test,grade1_recall,0.49,docs/report/dense_net_121/experiment_summary.csv
DenseNet-121,2026-07-21 15:07:17.633270,DENSENET121 - Canonical Final Linear CAM (CE + Laterality Canonicalization + Native CAM),test,average_precision,0.7311,docs/report/dense_net_121/experiment_summary.csv
DenseNet-121,2026-07-21 15:07:17.633270,DENSENET121 - Canonical Final Linear CAM (CE + Laterality Canonicalization + Native CAM),test,roc_auc,0.8978,docs/report/dense_net_121/experiment_summary.csv
SE-ResNeXt-50 32x4d,2026-07-25 01:50:53.962450,SE-RESNEXT50-32X4D - NATURAL ORIENTATION + FLIP + GAMMA + FINAL NATIVE CAM,test,accuracy,0.6558,docs/report/se_resnext50_32x4d/experiment_summary.csv
SE-ResNeXt-50 32x4d,2026-07-25 01:50:53.962450,SE-RESNEXT50-32X4D - NATURAL ORIENTATION + FLIP + GAMMA + FINAL NATIVE CAM,test,qwk,0.8216,docs/report/se_resnext50_32x4d/experiment_summary.csv
SE-ResNeXt-50 32x4d,2026-07-25 01:50:53.962450,SE-RESNEXT50-32X4D - NATURAL ORIENTATION + FLIP + GAMMA + FINAL NATIVE CAM,test,macro_f1,0.6781,docs/report/se_resnext50_32x4d/experiment_summary.csv
SE-ResNeXt-50 32x4d,2026-07-25 01:50:53.962450,SE-RESNEXT50-32X4D - NATURAL ORIENTATION + FLIP + GAMMA + FINAL NATIVE CAM,test,grade1_recall,0.4122,docs/report/se_resnext50_32x4d/experiment_summary.csv
SE-ResNeXt-50 32x4d,2026-07-25 01:50:53.962450,SE-RESNEXT50-32X4D - NATURAL ORIENTATION + FLIP + GAMMA + FINAL NATIVE CAM,test,average_precision,0.7299,docs/report/se_resnext50_32x4d/experiment_summary.csv
SE-ResNeXt-50 32x4d,2026-07-25 01:50:53.962450,SE-RESNEXT50-32X4D - NATURAL ORIENTATION + FLIP + GAMMA + FINAL NATIVE CAM,test,roc_auc,0.8980,docs/report/se_resnext50_32x4d/experiment_summary.csv
SE-ResNeXt-50 32x4d,2026-07-25 01:50:53.962450,SE-RESNEXT50-32X4D - NATURAL ORIENTATION + FLIP + GAMMA + FINAL NATIVE CAM,validation,qwk,0.7899,docs/report/se_resnext50_32x4d/experiment_summary.csv
SE-ResNeXt-50 32x4d,2026-07-25 01:50:53.962450,SE-RESNEXT50-32X4D - NATURAL ORIENTATION + FLIP + GAMMA + FINAL NATIVE CAM,validation,macro_f1,0.6617,docs/report/se_resnext50_32x4d/experiment_summary.csv
SE-ResNeXt-50 32x4d,2026-07-25 01:50:53.962450,SE-RESNEXT50-32X4D - NATURAL ORIENTATION + FLIP + GAMMA + FINAL NATIVE CAM,validation,grade1_recall,0.3856,docs/report/se_resnext50_32x4d/experiment_summary.csv
SE-ResNeXt-50 32x4d,2026-07-25 01:50:53.962450,SE-RESNEXT50-32X4D - NATURAL ORIENTATION + FLIP + GAMMA + FINAL NATIVE CAM,validation,average_precision,0.7139,docs/report/se_resnext50_32x4d/experiment_summary.csv
SE-ResNeXt-50 32x4d,2026-07-25 01:50:53.962450,SE-RESNEXT50-32X4D - NATURAL ORIENTATION + FLIP + GAMMA + FINAL NATIVE CAM,validation,selection_score,0.7061,docs/report/se_resnext50_32x4d/experiment_summary.csv
SE-ResNeXt-50 32x4d,2026-07-25 01:50:53.962450,SE-RESNEXT50-32X4D - NATURAL ORIENTATION + FLIP + GAMMA + FINAL NATIVE CAM,cam,joint_energy,0.8516,docs/report/se_resnext50_32x4d/experiment_summary.csv
SE-ResNeXt-50 32x4d,2026-07-25 01:50:53.962450,SE-RESNEXT50-32X4D - NATURAL ORIENTATION + FLIP + GAMMA + FINAL NATIVE CAM,cam,border_energy,0.0990,docs/report/se_resnext50_32x4d/experiment_summary.csv
SE-ResNeXt-50 32x4d,2026-07-25 01:50:53.962450,SE-RESNEXT50-32X4D - NATURAL ORIENTATION + FLIP + GAMMA + FINAL NATIVE CAM,cam,lower_tibia_energy,0.0878,docs/report/se_resnext50_32x4d/experiment_summary.csv
SE-ResNeXt-50 32x4d,2026-07-25 01:50:53.962450,SE-RESNEXT50-32X4D - NATURAL ORIENTATION + FLIP + GAMMA + FINAL NATIVE CAM,cam,peak_inside_rate,0.9912,docs/report/se_resnext50_32x4d/experiment_summary.csv
DenseNet-121,2026-07-25 06:30:25.175448,DENSENET121 - Final Natural-Orientation Loss Ablation,test,accuracy,0.6504,docs/report/dense_net_121/experiment_summary.csv
DenseNet-121,2026-07-25 06:30:25.175448,DENSENET121 - Final Natural-Orientation Loss Ablation,test,qwk,0.8197,docs/report/dense_net_121/experiment_summary.csv
DenseNet-121,2026-07-25 06:30:25.175448,DENSENET121 - Final Natural-Orientation Loss Ablation,test,macro_f1,0.6823,docs/report/dense_net_121/experiment_summary.csv
DenseNet-121,2026-07-25 06:30:25.175448,DENSENET121 - Final Natural-Orientation Loss Ablation,test,grade1_recall,0.3953,docs/report/dense_net_121/experiment_summary.csv
DenseNet-121,2026-07-25 06:30:25.175448,DENSENET121 - Final Natural-Orientation Loss Ablation,test,average_precision,0.7309,docs/report/dense_net_121/experiment_summary.csv
DenseNet-121,2026-07-25 06:30:25.175448,DENSENET121 - Final Natural-Orientation Loss Ablation,test,roc_auc,0.8935,docs/report/dense_net_121/experiment_summary.csv
DenseNet-121,2026-07-25 06:30:25.175448,DENSENET121 - Final Natural-Orientation Loss Ablation,cam,joint_energy,0.8235,docs/report/dense_net_121/experiment_summary.csv
DenseNet-121,2026-07-25 06:30:25.175448,DENSENET121 - Final Natural-Orientation Loss Ablation,cam,border_energy,0.1130,docs/report/dense_net_121/experiment_summary.csv
DenseNet-121,2026-07-25 06:30:25.175448,DENSENET121 - Final Natural-Orientation Loss Ablation,cam,lower_tibia_energy,0.0884,docs/report/dense_net_121/experiment_summary.csv
DenseNet-121,2026-07-25 06:30:25.175448,DENSENET121 - Final Natural-Orientation Loss Ablation,cam,peak_inside_rate,0.9956,docs/report/dense_net_121/experiment_summary.csv
DenseNet-121,2026-07-25 06:30:25.175448,DENSENET121 - Final Natural-Orientation Loss Ablation,cam,occlusion_metric,0.5428,docs/report/dense_net_121/experiment_summary.csv
DenseNet-121,2026-07-25 23:48:22.997435,Preprocessing quality arm: clahe1_25_pad_acquisition_robustness,validation,accuracy,0.6477,docs/report/dense_net_121/2026-07-25_23-48-22_preprocessing_quality_ablation.md
DenseNet-121,2026-07-25 23:48:22.997435,Preprocessing quality arm: clahe1_25_pad_acquisition_robustness,validation,qwk,0.8082,docs/report/dense_net_121/2026-07-25_23-48-22_preprocessing_quality_ablation.md
DenseNet-121,2026-07-25 23:48:22.997435,Preprocessing quality arm: clahe1_25_pad_acquisition_robustness,validation,macro_f1,0.6930,docs/report/dense_net_121/2026-07-25_23-48-22_preprocessing_quality_ablation.md
DenseNet-121,2026-07-25 23:48:22.997435,Preprocessing quality arm: clahe1_25_pad_acquisition_robustness,validation,grade1_recall,0.4837,docs/report/dense_net_121/2026-07-25_23-48-22_preprocessing_quality_ablation.md
DenseNet-121,2026-07-25 23:48:22.997435,Preprocessing quality arm: clahe1_25_pad_acquisition_robustness,validation,average_precision,0.7458,docs/report/dense_net_121/2026-07-25_23-48-22_preprocessing_quality_ablation.md
DenseNet-121,2026-07-25 23:48:22.997435,Preprocessing quality arm: clahe1_25_pad_acquisition_robustness,validation,roc_auc,0.8941,docs/report/dense_net_121/2026-07-25_23-48-22_preprocessing_quality_ablation.md
DenseNet-121,2026-07-25 23:48:22.997435,Preprocessing quality arm: clahe1_25_pad_acquisition_robustness,validation,selection_score,0.7643,docs/report/dense_net_121/2026-07-25_23-48-22_preprocessing_quality_ablation.md
DenseNet-121,2026-07-25 23:48:22.997435,Preprocessing quality arm: clahe1_25_pad_acquisition_robustness,cam,joint_energy,0.8360,docs/report/dense_net_121/2026-07-25_23-48-22_preprocessing_quality_ablation.md
DenseNet-121,2026-07-25 23:48:22.997435,Preprocessing quality arm: clahe1_25_pad_acquisition_robustness,cam,border_energy,0.1115,docs/report/dense_net_121/2026-07-25_23-48-22_preprocessing_quality_ablation.md
DenseNet-121,2026-07-25 23:48:22.997435,Preprocessing quality arm: clahe1_25_then_pad,validation,accuracy,0.6695,docs/report/dense_net_121/2026-07-25_23-48-22_preprocessing_quality_ablation.md
DenseNet-121,2026-07-25 23:48:22.997435,Preprocessing quality arm: clahe1_25_then_pad,validation,qwk,0.8274,docs/report/dense_net_121/2026-07-25_23-48-22_preprocessing_quality_ablation.md
DenseNet-121,2026-07-25 23:48:22.997435,Preprocessing quality arm: clahe1_25_then_pad,validation,macro_f1,0.7061,docs/report/dense_net_121/2026-07-25_23-48-22_preprocessing_quality_ablation.md
DenseNet-121,2026-07-25 23:48:22.997435,Preprocessing quality arm: clahe1_25_then_pad,validation,grade1_recall,0.5294,docs/report/dense_net_121/2026-07-25_23-48-22_preprocessing_quality_ablation.md
DenseNet-121,2026-07-25 23:48:22.997435,Preprocessing quality arm: clahe1_25_then_pad,validation,average_precision,0.7411,docs/report/dense_net_121/2026-07-25_23-48-22_preprocessing_quality_ablation.md
DenseNet-121,2026-07-25 23:48:22.997435,Preprocessing quality arm: clahe1_25_then_pad,validation,roc_auc,0.8951,docs/report/dense_net_121/2026-07-25_23-48-22_preprocessing_quality_ablation.md
DenseNet-121,2026-07-25 23:48:22.997435,Preprocessing quality arm: clahe1_25_then_pad,validation,selection_score,0.7781,docs/report/dense_net_121/2026-07-25_23-48-22_preprocessing_quality_ablation.md
DenseNet-121,2026-07-25 23:48:22.997435,Preprocessing quality arm: clahe1_25_then_pad,cam,joint_energy,0.8339,docs/report/dense_net_121/2026-07-25_23-48-22_preprocessing_quality_ablation.md
DenseNet-121,2026-07-25 23:48:22.997435,Preprocessing quality arm: clahe1_25_then_pad,cam,border_energy,0.1092,docs/report/dense_net_121/2026-07-25_23-48-22_preprocessing_quality_ablation.md
DenseNet-121,2026-07-25 23:48:22.997435,Preprocessing quality arm: clahe2_then_pad,validation,accuracy,0.6598,docs/report/dense_net_121/2026-07-25_23-48-22_preprocessing_quality_ablation.md
DenseNet-121,2026-07-25 23:48:22.997435,Preprocessing quality arm: clahe2_then_pad,validation,qwk,0.8176,docs/report/dense_net_121/2026-07-25_23-48-22_preprocessing_quality_ablation.md
DenseNet-121,2026-07-25 23:48:22.997435,Preprocessing quality arm: clahe2_then_pad,validation,macro_f1,0.6879,docs/report/dense_net_121/2026-07-25_23-48-22_preprocessing_quality_ablation.md
DenseNet-121,2026-07-25 23:48:22.997435,Preprocessing quality arm: clahe2_then_pad,validation,grade1_recall,0.4248,docs/report/dense_net_121/2026-07-25_23-48-22_preprocessing_quality_ablation.md
DenseNet-121,2026-07-25 23:48:22.997435,Preprocessing quality arm: clahe2_then_pad,validation,average_precision,0.7341,docs/report/dense_net_121/2026-07-25_23-48-22_preprocessing_quality_ablation.md
DenseNet-121,2026-07-25 23:48:22.997435,Preprocessing quality arm: clahe2_then_pad,validation,roc_auc,0.8896,docs/report/dense_net_121/2026-07-25_23-48-22_preprocessing_quality_ablation.md
DenseNet-121,2026-07-25 23:48:22.997435,Preprocessing quality arm: clahe2_then_pad,validation,selection_score,0.7661,docs/report/dense_net_121/2026-07-25_23-48-22_preprocessing_quality_ablation.md
DenseNet-121,2026-07-25 23:48:22.997435,Preprocessing quality arm: clahe2_then_pad,cam,joint_energy,0.8243,docs/report/dense_net_121/2026-07-25_23-48-22_preprocessing_quality_ablation.md
DenseNet-121,2026-07-25 23:48:22.997435,Preprocessing quality arm: clahe2_then_pad,cam,border_energy,0.1171,docs/report/dense_net_121/2026-07-25_23-48-22_preprocessing_quality_ablation.md
DenseNet-121,2026-07-25 23:48:22.997435,Preprocessing quality arm: pad_then_clahe2_current,validation,accuracy,0.6489,docs/report/dense_net_121/2026-07-25_23-48-22_preprocessing_quality_ablation.md
DenseNet-121,2026-07-25 23:48:22.997435,Preprocessing quality arm: pad_then_clahe2_current,validation,qwk,0.8110,docs/report/dense_net_121/2026-07-25_23-48-22_preprocessing_quality_ablation.md
DenseNet-121,2026-07-25 23:48:22.997435,Preprocessing quality arm: pad_then_clahe2_current,validation,macro_f1,0.6867,docs/report/dense_net_121/2026-07-25_23-48-22_preprocessing_quality_ablation.md
DenseNet-121,2026-07-25 23:48:22.997435,Preprocessing quality arm: pad_then_clahe2_current,validation,grade1_recall,0.4314,docs/report/dense_net_121/2026-07-25_23-48-22_preprocessing_quality_ablation.md
DenseNet-121,2026-07-25 23:48:22.997435,Preprocessing quality arm: pad_then_clahe2_current,validation,average_precision,0.7317,docs/report/dense_net_121/2026-07-25_23-48-22_preprocessing_quality_ablation.md
DenseNet-121,2026-07-25 23:48:22.997435,Preprocessing quality arm: pad_then_clahe2_current,validation,roc_auc,0.8881,docs/report/dense_net_121/2026-07-25_23-48-22_preprocessing_quality_ablation.md
DenseNet-121,2026-07-25 23:48:22.997435,Preprocessing quality arm: pad_then_clahe2_current,validation,selection_score,0.7618,docs/report/dense_net_121/2026-07-25_23-48-22_preprocessing_quality_ablation.md
DenseNet-121,2026-07-25 23:48:22.997435,Preprocessing quality arm: pad_then_clahe2_current,cam,joint_energy,0.8237,docs/report/dense_net_121/2026-07-25_23-48-22_preprocessing_quality_ablation.md
DenseNet-121,2026-07-25 23:48:22.997435,Preprocessing quality arm: pad_then_clahe2_current,cam,border_energy,0.1158,docs/report/dense_net_121/2026-07-25_23-48-22_preprocessing_quality_ablation.md
DenseNet-121,2026-07-25 23:48:22.997435,Preprocessing quality arm: percentile_1_99_then_pad,validation,accuracy,0.6671,docs/report/dense_net_121/2026-07-25_23-48-22_preprocessing_quality_ablation.md
DenseNet-121,2026-07-25 23:48:22.997435,Preprocessing quality arm: percentile_1_99_then_pad,validation,qwk,0.8242,docs/report/dense_net_121/2026-07-25_23-48-22_preprocessing_quality_ablation.md
DenseNet-121,2026-07-25 23:48:22.997435,Preprocessing quality arm: percentile_1_99_then_pad,validation,macro_f1,0.6797,docs/report/dense_net_121/2026-07-25_23-48-22_preprocessing_quality_ablation.md
DenseNet-121,2026-07-25 23:48:22.997435,Preprocessing quality arm: percentile_1_99_then_pad,validation,grade1_recall,0.4444,docs/report/dense_net_121/2026-07-25_23-48-22_preprocessing_quality_ablation.md
DenseNet-121,2026-07-25 23:48:22.997435,Preprocessing quality arm: percentile_1_99_then_pad,validation,average_precision,0.7310,docs/report/dense_net_121/2026-07-25_23-48-22_preprocessing_quality_ablation.md
DenseNet-121,2026-07-25 23:48:22.997435,Preprocessing quality arm: percentile_1_99_then_pad,validation,roc_auc,0.8964,docs/report/dense_net_121/2026-07-25_23-48-22_preprocessing_quality_ablation.md
DenseNet-121,2026-07-25 23:48:22.997435,Preprocessing quality arm: percentile_1_99_then_pad,validation,selection_score,0.7669,docs/report/dense_net_121/2026-07-25_23-48-22_preprocessing_quality_ablation.md
DenseNet-121,2026-07-25 23:48:22.997435,Preprocessing quality arm: percentile_1_99_then_pad,cam,joint_energy,0.8283,docs/report/dense_net_121/2026-07-25_23-48-22_preprocessing_quality_ablation.md
DenseNet-121,2026-07-25 23:48:22.997435,Preprocessing quality arm: percentile_1_99_then_pad,cam,border_energy,0.1124,docs/report/dense_net_121/2026-07-25_23-48-22_preprocessing_quality_ablation.md
DenseNet-121,2026-07-25 23:48:22.997435,Preprocessing quality arm: raw_then_pad,validation,accuracy,0.6489,docs/report/dense_net_121/2026-07-25_23-48-22_preprocessing_quality_ablation.md
DenseNet-121,2026-07-25 23:48:22.997435,Preprocessing quality arm: raw_then_pad,validation,qwk,0.8117,docs/report/dense_net_121/2026-07-25_23-48-22_preprocessing_quality_ablation.md
DenseNet-121,2026-07-25 23:48:22.997435,Preprocessing quality arm: raw_then_pad,validation,macro_f1,0.6810,docs/report/dense_net_121/2026-07-25_23-48-22_preprocessing_quality_ablation.md
DenseNet-121,2026-07-25 23:48:22.997435,Preprocessing quality arm: raw_then_pad,validation,grade1_recall,0.4444,docs/report/dense_net_121/2026-07-25_23-48-22_preprocessing_quality_ablation.md
DenseNet-121,2026-07-25 23:48:22.997435,Preprocessing quality arm: raw_then_pad,validation,average_precision,0.7305,docs/report/dense_net_121/2026-07-25_23-48-22_preprocessing_quality_ablation.md
DenseNet-121,2026-07-25 23:48:22.997435,Preprocessing quality arm: raw_then_pad,validation,roc_auc,0.8899,docs/report/dense_net_121/2026-07-25_23-48-22_preprocessing_quality_ablation.md
DenseNet-121,2026-07-25 23:48:22.997435,Preprocessing quality arm: raw_then_pad,validation,selection_score,0.7603,docs/report/dense_net_121/2026-07-25_23-48-22_preprocessing_quality_ablation.md
DenseNet-121,2026-07-25 23:48:22.997435,Preprocessing quality arm: raw_then_pad,cam,joint_energy,0.8310,docs/report/dense_net_121/2026-07-25_23-48-22_preprocessing_quality_ablation.md
DenseNet-121,2026-07-25 23:48:22.997435,Preprocessing quality arm: raw_then_pad,cam,border_energy,0.1111,docs/report/dense_net_121/2026-07-25_23-48-22_preprocessing_quality_ablation.md
YOLOv8,2026-07-26 07:25:09,YOLOv8n joint detector current best.pt,detector_validation,validation_precision,0.99952,checkpoints/yolov8/best.pt
YOLOv8,2026-07-26 07:25:09,YOLOv8n joint detector current best.pt,detector_validation,validation_recall,0.99145,checkpoints/yolov8/best.pt
YOLOv8,2026-07-26 07:25:09,YOLOv8n joint detector current best.pt,detector_validation,validation_map50,0.99500,checkpoints/yolov8/best.pt
YOLOv8,2026-07-26 07:25:09,YOLOv8n joint detector current best.pt,detector_validation,validation_map50_95,0.90477,checkpoints/yolov8/best.pt
DenseNet-121,2026-07-30 15:45:03.830205,Production YOLO ROI robustness fine-tune,validation,accuracy,0.6186,notebook inline outputs
DenseNet-121,2026-07-30 15:45:03.830205,Production YOLO ROI robustness fine-tune,validation,qwk,0.7650,notebook inline outputs
DenseNet-121,2026-07-30 15:45:03.830205,Production YOLO ROI robustness fine-tune,validation,macro_f1,0.6451,notebook inline outputs
DenseNet-121,2026-07-30 15:45:03.830205,Production YOLO ROI robustness fine-tune,validation,average_precision,0.6756,notebook inline outputs
DenseNet-121,2026-07-30 15:45:03.830205,Production YOLO ROI robustness fine-tune,validation,selection_score,0.7156,notebook inline outputs
DenseNet-121,2026-07-30 15:45:03.830205,Production YOLO ROI robustness fine-tune,cam,joint_energy,0.8505,notebook inline outputs
DenseNet-121,2026-07-30 15:45:03.830205,Production YOLO ROI robustness fine-tune,cam,border_energy,0.0844,notebook inline outputs
DenseNet-121,2026-07-30 15:45:03.830205,Production YOLO ROI robustness fine-tune,cam,peak_inside_rate,1.0000,notebook inline outputs
