model_family,run_timestamp,status,short_description,purpose,decision,loss_function,sampler,pipeline,training_augmentation_full,heatmap_method,test_accuracy,test_qwk,test_macro_f1,test_grade1_recall,test_average_precision,validation_qwk,validation_macro_f1,validation_grade1_recall,validation_average_precision,cam_joint_energy,cam_border_energy,cam_peak_inside_rate,validation_failures,checkpoint_path,checkpoint_sha256,source_file,notes
YOLOv8,2026-07-14 16:03:31.090356,archived,YOLOv8 archived detector,Previous knee ROI detector for comparison.,Retired; lower mAP50-95 than current checkpoint.,,,,,,,,,,,,,,,,,,,checkpoints/yolov8/archive/best.pt,3e18a09e58df0ae1f8e3102d5e63893c72d2508bba5ffd80c84dac8356161d2b,checkpoints/yolov8/archive/best.pt,
DenseNet-121,2026-07-17 16:06:42,completed,DENSENET121 - 3-Stage Focal CORN (SOTA Peak - 224x224),"This run trained DenseNet-121 for 30 epochs using Focal CORN loss with class-balancing WeightedRandomSampler, minority augmentations, and double Cutout (Random Erasing). Achieved test Accuracy 0.6733, QWK 0.8394.","Reference SOTA peak before higher resolution runs.",focalcorn,True,3-stage,"Horizontal flip p=0.50; rotation +/-8 degrees; double Random Erasing p=0.80 (regular) and p=0.90 (minority); scale 0.02-0.15; ratio 0.3-3.3; minority augmentation enabled",Grad-CAM or CAM method not reported,0.6733,0.8394,0.69,0.44,0.7439,not reported,not reported,not reported,not reported,not reported,not reported,not reported,290 / 826 (35.11% error),,,docs/report/dense_net_121/experiment_summary.csv,
DenseNet-121,2026-07-20 12:36:36,completed,DENSENET121 - 3-Stage CORN (384x384 Resolution),"This run trained DenseNet-121 through all three stages for 45 epochs using Conditional Ordinal (CORN) loss. Images resized to 400x400 and cropped to 384x384. Achieved test Accuracy 0.6715, QWK 0.8246.",Reference 384x384 CORN run before laterality canonicalization.,corn,True,3-stage,"Horizontal flip p=0.50; rotation +/-8 degrees; random crop 384x384; one Random Erasing p=0.10, scale 0.02-0.05, ratio 0.5-2.0; minority augmentation disabled",Standard Grad-CAM over three normalized scales,0.6715,0.8246,0.68,0.31,0.7337,not reported,not reported,not reported,not reported,not reported,not reported,not reported,279 / 826 (33.78% error),,,docs/report/dense_net_121/experiment_summary.csv,
DenseNet-121,2026-07-21 15:07:17.633270,completed,DENSENET121 - Canonical Final Linear CAM (CE + Laterality Canonicalization),"This run trained canonicalfinallinearcam DenseNet-121 for 30 epochs with CE loss. Right knees mirrored to canonical orientation. 1x1 convolution produces five spatial grade maps. Validation composite selected epoch 23. Test Accuracy 0.6534, QWK 0.8238.",Reference canonical laterality run before natural orientation.,Cross-Entropy (CE),True; full inverse-frequency (samplerpower=1.0),3-stage,Laterality canonicalization before transforms; horizontal flip disabled; mild rotation/brightness/contrast pipeline; Random Erasing p=0.10; minority augmentation disabled,Five bias-free 1x1 class maps; global spatial mean logits; positive predicted-grade native CAM,0.6534,0.8238,0.68,0.49,0.7311,not reported,not reported,not reported,not reported,not reported,not reported,not reported,287 / 826 (34.75% error),,,docs/report/dense_net_121/experiment_summary.csv,
DenseNet-121,2026-07-25 06:30:25.175448,selected/deployed for external audit,DENSENET121 - Final Natural-Orientation CE (Production Checkpoint),Controlled experiment comparing CE, ordinal PD-2, and CE+PD-2. Retained natural orientation with horizontal flipping as augmentation. Square-padded complete knee ROI, direct resize to 384x384. CE selected at epoch 24. Test Accuracy 0.6504, QWK 0.8197, macro F1 0.6823.,Retain CE for classification; external CAM localization is not production-grade.,Cross-Entropy (CE),Full inverse-frequency WeightedRandomSampler; replacement enabled; one sampled epoch equal to training-set size,3-stage; 5 head warm-up + 15 coarse + 10 fine-tune,"Horizontal flip p=0.50; rotation +/-5 degrees; brightness and contrast jitter 0.08; random erasing p=0.10; scale 0.02-0.05; ratio 0.5-2.0; minority augmentation disabled",Five 1x1 class maps; logits are their spatial means; native CAM is the positive map for the selected grade,0.6504,0.8197,0.6823,0.3953,0.7309,not reported,not reported,not reported,not reported,0.8235,0.1130,0.9956,Not exported,,,docs/report/dense_net_121/experiment_summary.csv,
SE-ResNeXt-50 32x4d,2026-07-25 01:50:53.962450,completed,SE-RESNEXT50-32X4D - NATURAL ORIENTATION + FLIP + GAMMA + FINAL NATIVE CAM,This run completed all 30 configured epochs on a Tesla T4. Removed deterministic right-knee canonicalization, exposed model to both orientations with training-only horizontal flip. Added mild gamma correction (0.90-1.10, p=0.20). Selected epoch 28 by validation composite score (0.7061). Test Accuracy 0.6558, QWK 0.8216.,Preferred SE-ResNeXt candidate for single-knee inputs without laterality metadata; external comparison still required.,Cross-Entropy (CE),Full inverse-frequency,3-stage,Horizontal flip p=0.50; rotation +/-5 degrees; brightness/contrast 0.08; gamma 0.90-1.10 at p=0.20; random erasing p=0.10,Bias-free 1x1 convolution producing five 12x12 grade maps; global spatial mean produces five logits,0.6558,0.8216,0.6781,0.4122,0.7299,0.7899,0.6617,0.3856,0.7139,0.8516,0.0990,0.9912,not reported,,,docs/report/se_resnext50_32x4d/experiment_summary.csv,
YOLOv8,2026-07-26 07:25:09,current checkpoint,YOLOv8n joint detector current best.pt,Detect knee joint ROI in full radiographs.,Current detector; use with classifier crop pipeline.,YOLO box/cls/DFL losses,,,Ultralytics default detection augmentation (train args in checkpoint metadata),,,,,,,,,,,,,,,,,,,checkpoints/yolov8/best.pt,443003a317ca71f3f63e0f5ac145a0eafa431053a998dbb4c60c65b5c5e7fef7,checkpoints/yolov8/best.pt,Detector metrics are not KL-grading metrics; downstream CAM can still fail when classifier training crops differ from YOLO crops.
SE-ResNeXt-50 32x4d,2026-08-01T14:52:49Z,operational; unlabeled,SE-RESNEXT50-32X4D - Paired-View YOLO-ROI (Production Checkpoint),Paired-view YOLO-ROI checkpoint with predicted-class Grad-CAM. Verify the exact local YOLO, classifier, preprocessing, and Grad-CAM API path.,Local runtime record; interpret this model's results from its own report.,Cross-Entropy (CE),,,,,,,Predicted-class Grad-CAM from backbone.layer4,,105 unlabeled test_images; 209 detected knee ROIs,,,,,,,,,,,,,,checkpoints/se_resnext50_32x4d/2026-08-01_05-29-59_660657_UTC_paired_view_yolo_roi/best_model.pth,4b47dbe8439cc67e814b6237a380dd1152241068700b1a1f6da2714cbe277f7b,docs/report/se_resnext50_32x4d/report.md,
SE-ResNeXt-50 32x4d,2026-08-01 07:59:46.827053,completed,SE-RESNEXT50-32X4D - PAIRED PUBLISHED/YOLO-ROI ADAPTATION + POST-HOC GRAD-CAM (384x384 LOCKED TEST),"Notebook 03 fine-tuned SE-ResNeXt for 5 epochs using 50/50 published crops and YOLO ROIs. Epoch 4 selected by robust validation. Locked test Accuracy 0.5894, QWK 0.7461, macro F1 0.6002, Grade 1 recall 0.2736.",Production ROI adaptation candidate; Grade 1 remains primary weakness (81/296 correct).,Cross-Entropy (CE),Full inverse-frequency with replacement,paired view adaptation,Horizontal flip p=0.50; rotation +/-5 degrees; brightness/contrast 0.08; random erasing p=0.10,Post-hoc Grad-CAM from final feature tensor,0.5894,0.7461,0.6002,0.2736,0.6368,0.7923,0.6636,not reported,0.7145,not reported,not reported,not reported,not reported,2026-08-01_05-29-59_660657_UTC_paired_view_yolo_roi/best_model.pth,,docs/report/se_resnext50_32x4d/report.md,Test set examined by previous runs; metrics are development evidence not external clinical estimate.
