timestamp_utc,experiment,arm,status,purpose,architecture,input_size,preprocessing,augmentation,laterality,sampler,loss,training_stages,optimizer,learning_rates,weight_decay,batch_size,selection_rule,evaluation_split,selected_epoch,accuracy,qwk,macro_precision,macro_recall,macro_f1,grade1_recall,macro_ap,macro_auc,heatmap_method,artifact_dir,decision_notes
2026-07-15 13:42:33,DENSENET121 - Baseline CE (No Regularization),not applicable,completed,"This run successfully trained a densenet121 model in standard 1-stage mode for 30 epochs on 224x224 images using Cross-Entropy (CE) loss. By enabling the class-balancing WeightedRandomSampler, minority augmentations, and double Cutout (Random Erasing), the model achieved a final test Accuracy of 0.6691 (95% CI: 0.6455 - 0.6914) and a Quadratic Weighted Kappa (QWK) score of 0.8058 (95% CI: 0.7824 - 0.8294).",standard classifier head; exact architecture label not reported,224x224,Square-pad complete ROI; LAB CLAHE (OpenCV implementation); resize to 224x224; ToTensor; ImageNet mean/std normalization,Horizontal flip p=0.50; rotation +/-8 degrees; Random Erasing disabled; no minority augmentation,not reported,False,ce,30 (Actual: 30),not reported,lr_warmup=1e-3; lr_coarse_head=1e-4; lr_coarse_backbone=1e-5; lr_finetune=1e-5; lr_standard=1e-4,1e-4,16,not reported,historical Kaggle train/validation/test split; patient grouping not documented,not reported,0.6691,0.8058,0.67,0.67,0.67,0.22,0.7009,0.8798,Grad-CAM or CAM method not reported,docs/report/dense_net_121/runs/2026-07-15_13-42-33_ce_baseline,not reported
2026-07-15 17:30:22,DENSENET121 - Balanced Sampler + Minority Augmentations + Double Cutout,not applicable,completed,"This run successfully trained a densenet121 model in standard 1-stage mode for 19 epochs on 224x224 images using Cross-Entropy (CE) loss. By enabling the class-balancing WeightedRandomSampler, minority augmentations, and double Cutout (Random Erasing), the model achieved a final test Accuracy of 0.6594 (95% CI: 0.6371 - 0.6836) and a Quadratic Weighted Kappa (QWK) score of 0.8283 (95% CI: 0.8094 - 0.8454).",standard classifier head; exact architecture label not reported,224x224,Square-pad complete ROI; LAB CLAHE (OpenCV implementation); resize to 224x224; ToTensor; ImageNet mean/std normalization,"Horizontal flip p=0.50; rotation +/-8 degrees; double Random Erasing p=0.80 for regular train and p=0.90 for minority transform, scale 0.02-0.15, ratio 0.3-3.3; minority augmentation enabled",not reported,True,ce,30 (Actual: 19),not reported,lr_warmup=1e-3; lr_coarse_head=1e-4; lr_coarse_backbone=1e-5; lr_finetune=1e-5; lr_standard=1e-4,1e-4,16,not reported,historical Kaggle train/validation/test split; patient grouping not documented,not reported,0.6594,0.8283,0.69,0.68,0.68,0.49,0.7287,0.8993,Grad-CAM or CAM method not reported,docs/report/dense_net_121/runs/2026-07-15_17-30-22_ce_regularized,not reported
2026-07-16 20:45:12,DENSENET121 - 3-Stage Focal CORN (Under-fit Baseline - Low LR 1e-5),not applicable,completed,"This run successfully trained a densenet121 model in standard 1-stage mode for 30 epochs on 224x224 images using Focal CORN loss. By enabling the class-balancing WeightedRandomSampler, minority augmentations, and double Cutout (Random Erasing), the model achieved a final test Accuracy of 0.6087 (95% CI: 0.5876 - 0.6347) and a Quadratic Weighted Kappa (QWK) score of 0.7388 (95% CI: 0.7120 - 0.7618).",standard classifier head; exact architecture label not reported,224x224,Square-pad complete ROI; LAB CLAHE (OpenCV implementation); resize to 224x224; ToTensor; ImageNet mean/std normalization,"Horizontal flip p=0.50; rotation +/-8 degrees; double Random Erasing p=0.80 for regular train and p=0.90 for minority transform, scale 0.02-0.15, ratio 0.3-3.3; minority augmentation enabled",not reported,True,focalcorn,30 (Actual: 30),not reported,lr_warmup=1e-3; lr_coarse_head=1e-4; lr_coarse_backbone=1e-5; lr_finetune=1e-5; lr_standard=1e-4,1e-4,16,not reported,historical Kaggle train/validation/test split; patient grouping not documented,not reported,0.6087,0.7388,0.63,0.57,0.58,0.12,0.6775,0.8699,Grad-CAM or CAM method not reported,docs/report/dense_net_121/runs/2026-07-16_20-45-12_focal_corn_underfit,not reported
2026-07-17 10:33:24,DENSENET121 - 3-Stage Focal CORN (Optimized Learning Rates),not applicable,completed,"This run successfully trained a densenet121 model in standard 1-stage mode for 45 epochs on 224x224 images using Focal CORN loss. By enabling the class-balancing WeightedRandomSampler, minority augmentations, and double Cutout (Random Erasing), the model achieved a final test Accuracy of 0.6612 (95% CI: 0.6413 - 0.6866) and a Quadratic Weighted Kappa (QWK) score of 0.8271 (95% CI: 0.8072 - 0.8434).",standard classifier head; exact architecture label not reported,224x224,Square-pad complete ROI; LAB CLAHE (OpenCV implementation); resize to 224x224; ToTensor; ImageNet mean/std normalization,"Horizontal flip p=0.50; rotation +/-8 degrees; double Random Erasing p=0.80 for regular train and p=0.90 for minority transform, scale 0.02-0.15, ratio 0.3-3.3; minority augmentation enabled",not reported,True,focalcorn,30 (Actual: 45),not reported,lr_warmup=1e-3; lr_coarse_head=1e-4; lr_coarse_backbone=5e-5; lr_finetune=2e-5; lr_standard=1e-4,1e-4,16,not reported,historical Kaggle train/validation/test split; patient grouping not documented,not reported,0.6612,0.8271,0.68,0.67,0.67,0.41,0.7280,0.8984,Grad-CAM or CAM method not reported,docs/report/dense_net_121/runs/2026-07-17_10-33-24_focal_corn_optimized_lr,not reported
2026-07-17 16:06:42,DENSENET121 - 3-Stage Focal CORN (Optimized Learning Rates & Patience - SOTA Peak),not applicable,completed,"This run successfully trained a densenet121 model in standard 1-stage mode for 30 epochs on 224x224 images using Focal CORN loss. By enabling the class-balancing WeightedRandomSampler, minority augmentations, and double Cutout (Random Erasing), the model achieved a final test Accuracy of 0.6733 (95% CI: 0.6510 - 0.6963) and a Quadratic Weighted Kappa (QWK) score of 0.8394 (95% CI: 0.8203 - 0.8562).",standard classifier head; exact architecture label not reported,224x224,Square-pad complete ROI; LAB CLAHE (OpenCV implementation); resize to 224x224; ToTensor; ImageNet mean/std normalization,"Horizontal flip p=0.50; rotation +/-8 degrees; double Random Erasing p=0.80 for regular train and p=0.90 for minority transform, scale 0.02-0.15, ratio 0.3-3.3; minority augmentation enabled",not reported,True,focalcorn,30 (Actual: 30),not reported,lr_warmup=1e-3; lr_coarse_head=1e-4; lr_coarse_backbone=5e-5; lr_finetune=2e-5; lr_standard=1e-4,1e-4,16,not reported,historical Kaggle train/validation/test split; patient grouping not documented,not reported,0.6733,0.8394,0.71,0.69,0.69,0.44,0.7439,0.9073,Grad-CAM or CAM method not reported,docs/report/dense_net_121/runs/2026-07-17_16-06-42_focal_corn_optimized_lr_patience,not reported
2026-07-17 22:15:13,DENSENET121 - 3-Stage Focal CORN (Last Block Unfrozen + Stage 3 Sampler Disabled) [LOGIC ERROR: Backbone Remained Frozen],not applicable,invalid implementation; historical result only,"This run successfully trained a densenet121 model in standard 1-stage mode for 45 epochs on 224x224 images using Focal CORN loss. By enabling the class-balancing WeightedRandomSampler, minority augmentations, and double Cutout (Random Erasing), the model achieved a final test Accuracy of 0.6498 (95% CI: 0.6286 - 0.6727) and a Quadratic Weighted Kappa (QWK) score of 0.7564 (95% CI: 0.7332 - 0.7767).",standard classifier head; exact architecture label not reported,224x224,Square-pad complete ROI; LAB CLAHE (OpenCV implementation); resize to 224x224; ToTensor; ImageNet mean/std normalization,"Horizontal flip p=0.50; rotation +/-8 degrees; double Random Erasing p=0.80 for regular train and p=0.90 for minority transform, scale 0.02-0.15, ratio 0.3-3.3; minority augmentation enabled",not reported,True,focalcorn,30 (Actual: 45),not reported,lr_warmup=1e-3; lr_coarse_head=1e-4; lr_coarse_backbone=5e-5; lr_finetune=2e-5; lr_standard=1e-4,1e-4,16,not reported,historical Kaggle train/validation/test split; patient grouping not documented,not reported,0.6498,0.7564,0.58,0.62,0.59,0.00,0.7059,0.8814,Grad-CAM or CAM method not reported,docs/report/dense_net_121/runs/2026-07-17_22-15-13_focal_corn_gradual_unfreeze,Do not use for model selection or production.
2026-07-18 20:27:46,DENSENET121 - 3-Stage Focal CORN (Last Two Blocks Unfrozen + Stage 3 Sampler Moderated) [LOGIC ERROR: Backbone Remained Frozen],not applicable,invalid implementation; historical result only,"This run successfully trained a densenet121 model in standard 1-stage mode for 45 epochs on 224x224 images using Focal CORN loss. By enabling the class-balancing WeightedRandomSampler, minority augmentations, and double Cutout (Random Erasing), the model achieved a final test Accuracy of 0.6534 (95% CI: 0.6322 - 0.6733) and a Quadratic Weighted Kappa (QWK) score of 0.7624 (95% CI: 0.7365 - 0.7889).",standard classifier head; exact architecture label not reported,224x224,Square-pad complete ROI; LAB CLAHE (OpenCV implementation); resize to 224x224; ToTensor; ImageNet mean/std normalization,"Horizontal flip p=0.50; rotation +/-8 degrees; double Random Erasing p=0.80 for regular train and p=0.90 for minority transform, scale 0.02-0.15, ratio 0.3-3.3; minority augmentation enabled",not reported,True,focalcorn,30 (Actual: 45),not reported,lr_warmup=1e-3; lr_coarse_head=1e-4; lr_coarse_backbone=5e-5; lr_finetune=2e-5; lr_standard=1e-4,1e-4,16,not reported,historical Kaggle train/validation/test split; patient grouping not documented,not reported,0.6534,0.7624,0.62,0.64,0.60,0.00,0.7124,0.8825,Grad-CAM or CAM method not reported,docs/report/dense_net_121/runs/2026-07-18_20-27-46_focal_corn_moderated_sampler,Do not use for model selection or production.
2026-07-18 22:03:35,DENSENET121 - 3-Stage Focal CORN (384x384 Resolution + Blocks 3 & 4 Unfrozen + Sampler Moderated) [LOGIC ERROR: Backbone Remained Frozen],not applicable,invalid implementation; historical result only,"This run successfully trained a densenet121 model in standard 1-stage mode for 45 epochs on 384x384 images using Focal CORN loss. By enabling the class-balancing WeightedRandomSampler, minority augmentations, and double Cutout (Random Erasing), the model achieved a final test Accuracy of 0.6564 (95% CI: 0.6353 - 0.6781) and a Quadratic Weighted Kappa (QWK) score of 0.7796 (95% CI: 0.7552 - 0.8053).",standard classifier head; exact architecture label not reported,384x384,Square-pad complete ROI; LAB CLAHE (OpenCV implementation); resize to 384x384; ToTensor; ImageNet mean/std normalization,"Horizontal flip p=0.50; rotation +/-8 degrees; double Random Erasing p=0.80 for regular train and p=0.90 for minority transform, scale 0.02-0.15, ratio 0.3-3.3; minority augmentation enabled",not reported,True,focalcorn,30 (Actual: 45),not reported,lr_warmup=1e-3; lr_coarse_head=1e-4; lr_coarse_backbone=5e-5; lr_finetune=2e-5; lr_standard=1e-4,1e-4,16,not reported,historical Kaggle train/validation/test split; patient grouping not documented,not reported,0.6564,0.7796,0.57,0.64,0.59,0.00,0.7297,0.8976,Grad-CAM or CAM method not reported,docs/report/dense_net_121/runs/2026-07-18_22-03-35_focal_corn_384_resolution_frozen,Do not use for model selection or production.
2026-07-20 12:36:36,"DENSENET121 - 3-Stage CORN (400 Resize + 384 Crop, No TTA, Mild Erasing)",not applicable,completed,"This run trained DenseNet-121 through all three stages for 45 epochs using Conditional Ordinal (CORN) loss. Images were resized to 400x400 and cropped to 384x384; validation and test inference used a single center crop with no TTA. Training used the class-balancing WeightedRandomSampler, no minority-specific augmentation, and one mild Random Erasing operation (p=0.10, second operation disabled). The final test Accuracy was 0.6715 (95% CI: 0.6479 - 0.6914), and QWK was 0.8246 (corrected 95% CI: 0.8046 - 0.8435).",standard classifier head; exact architecture label not reported,"384x384 (resize to 400x400, then crop)",Square-pad complete ROI; LAB CLAHE; resize 400x400; crop 384x384; ToTensor; ImageNet normalization,"Horizontal flip p=0.50; rotation +/-8 degrees; random crop 384x384; one Random Erasing p=0.10, scale 0.02-0.05, ratio 0.5-2.0; minority augmentation disabled",not reported,True,corn,45 (5 warm-up + 25 coarse + 15 fine-tune),not reported,lr_warmup=3e-4; lr_coarse_head=3e-4; lr_coarse_backbone=3e-5; lr_finetune=1e-5; lr_standard=3e-4,1e-4,16,not reported,historical Kaggle train/validation/test split; patient grouping not documented,not reported,0.6715,0.8246,0.68,0.68,0.68,0.31,0.7337,0.8963,Standard Grad-CAM over three normalized scales,docs/report/dense_net_121/runs/2026-07-20_12-36-36_corn,not reported
2026-07-20 17:09:20,Saved bestmodel.pth + Final-Layer Grad-CAM; Checkpoint provenance must be pinned,not reported,completed; provenance incomplete,Saved bestmodel.pth + Final-Layer Grad-CAM; Checkpoint provenance must be pinned,not reported,not reported,not reported,not reported,not reported,not reported,not reported,not reported,not reported,not reported,not reported,not reported,not reported,not reported,not reported,0.6685,0.8223,,,,,0.7345,0.8977,not reported,docs/report/dense_net_121/runs/2026-07-20_17-09-20_final_layer_gradcam,not reported
2026-07-21 15:07:17.633270,DENSENET121 - Canonical Final Linear CAM (CE + Laterality Canonicalization + Native CAM),not applicable,completed,"This run trained the canonicalfinallinearcam DenseNet-121 architecture for all 30 configured epochs. Right knees were mirrored into the same anatomical orientation as left knees, random horizontal flipping was removed, and a 1x1 convolution produced five spatial grade maps whose global means were the five CE logits. The validation composite selected epoch 23 (0.7241) rather than the maximum-QWK epoch 26. The selected checkpoint achieved test Accuracy 0.6534 (95% CI: 0.6291 - 0.6776) and QWK 0.8238 (95% CI: 0.8055 - 0.8419).",canonicalfinallinearcam,"384x384 (resize to 400x400, then crop)",Square-pad complete ROI; LAB CLAHE; resize 400x400; train random crop or validation/test center crop to 384x384; ToTensor; ImageNet normalization,Laterality canonicalization before transforms; horizontal flip disabled; mild rotation/brightness/contrast pipeline; Random Erasing p=0.10; minority augmentation disabled,True; right knees mirrored before transforms,True; full inverse-frequency (samplerpower=1.0),Cross-Entropy (CE),30 (5 warm-up + 15 coarse + 10 fine-tune),not reported,not reported,not reported,48 / enabled / Tesla T4,Epoch 23; validation selection score 0.7241,historical Kaggle train/validation/test split; patient grouping not documented,Epoch 23; validation selection score 0.7241,0.6534,0.8238,0.68,0.68,0.68,0.49,0.7311,0.8978,Five bias-free 1x1 class maps; global spatial mean logits; positive predicted-grade native CAM,docs/report/dense_net_121/runs/2026-07-21_15-07-17_canonical_final_linear_cam,not reported
2026-07-24 01:12:36.714882,GRAD-CAM VS NATIVE CAM,not reported,completed,"The controlled audit found no demonstrated superiority for either method. DenseNet map correlation was 1.0000, mean absolute pixel difference was 0.00014, and maximum difference was 0.001359. Native CAM had a tiny anatomy-score advantage (+0.00097) while Grad-CAM had a tiny occlusion-correlation advantage (+0.00007). The result is operational equivalence, not evidence that native CAM localizes disease better.",not reported,not reported,not reported,not reported,not reported,not reported,not reported,not reported,not reported,not reported,not reported,not reported,not reported,not reported,not reported,,,,,,,,,Final-layer Grad-CAM compared with native CAM,,"No demonstrated superiority; retain native CAM for cheaper, structurally faithful inference."
2026-07-25 00:34:38,Orientation augmentation ablation,canonical_baseline,completed,Compare canonicalization with natural-orientation augmentation,"timm DenseNet-121, linear 1024-to-5 head",384x384,,,natural orientation; training flip only,full inverse-frequency WeightedRandomSampler,cross-entropy,5 head warm-up + 15 coarse + 10 full fine-tune,AdamW,3e-4; backbone/head 3e-5/3e-4; full 1e-5,1e-4 then 1e-3,48,validation: 0.55 QWK + 0.30 macro F1 + 0.15 macro AP,validation,,,0.8196,,,0.698,0.4575,0.7193,,final-layer Grad-CAM unless stated otherwise,docs/report/dense_net_121/runs/2026-07-25_00-34-38_orientation_augmentation_ablation,validation winner; later rejected by project requirement
2026-07-25 00:34:38,Orientation augmentation ablation,natural_flip,completed,Compare canonicalization with natural-orientation augmentation,"timm DenseNet-121, linear 1024-to-5 head",384x384,,,natural orientation; training flip only,full inverse-frequency WeightedRandomSampler,cross-entropy,5 head warm-up + 15 coarse + 10 full fine-tune,AdamW,3e-4; backbone/head 3e-5/3e-4; full 1e-5,1e-4 then 1e-3,48,validation: 0.55 QWK + 0.30 macro F1 + 0.15 macro AP,validation,,,0.8053,,,0.682,0.3987,0.7119,,final-layer Grad-CAM unless stated otherwise,docs/report/dense_net_121/runs/2026-07-25_00-34-38_orientation_augmentation_ablation,selected non-canonical arm; test QWK 0.8224
2026-07-25 00:34:38,Orientation augmentation ablation,natural_flip_mild_affine,completed,Compare canonicalization with natural-orientation augmentation,"timm DenseNet-121, linear 1024-to-5 head",384x384,,,natural orientation; training flip only,full inverse-frequency WeightedRandomSampler,cross-entropy,5 head warm-up + 15 coarse + 10 full fine-tune,AdamW,3e-4; backbone/head 3e-5/3e-4; full 1e-5,1e-4 then 1e-3,48,validation: 0.55 QWK + 0.30 macro F1 + 0.15 macro AP,validation,,,0.8011,,,0.68,0.3072,0.7067,,final-layer Grad-CAM unless stated otherwise,docs/report/dense_net_121/runs/2026-07-25_00-34-38_orientation_augmentation_ablation,rejected
2026-07-25 06:30:25,Non-canonical loss ablation,CE,completed,Compare CE and ordinal objectives under one split/config,"timm DenseNet-121, linear 1024-to-5 head",384x384,,,natural orientation; training flip only,full inverse-frequency WeightedRandomSampler,CE,5 head warm-up + 15 coarse + 10 full fine-tune,AdamW,3e-4; backbone/head 3e-5/3e-4; full 1e-5,1e-4 then 1e-3,48,validation: 0.55 QWK + 0.30 macro F1 + 0.15 macro AP,validation,,0.6465,0.8083,,,0.6819,0.3856,0.731,,final-layer Grad-CAM unless stated otherwise,docs/report/dense_net_121/runs/2026-07-25_06-30-25_final_noncanonical_loss_ablation,selected; locked test QWK 0.8197
2026-07-25 06:30:25,Non-canonical loss ablation,CE + 0.25 PD-2,completed,Compare CE and ordinal objectives under one split/config,"timm DenseNet-121, linear 1024-to-5 head",384x384,,,natural orientation; training flip only,full inverse-frequency WeightedRandomSampler,CE + 0.25 PD-2,5 head warm-up + 15 coarse + 10 full fine-tune,AdamW,3e-4; backbone/head 3e-5/3e-4; full 1e-5,1e-4 then 1e-3,48,validation: 0.55 QWK + 0.30 macro F1 + 0.15 macro AP,validation,,0.6453,0.8066,,,0.6783,0.4314,0.7308,,final-layer Grad-CAM unless stated otherwise,docs/report/dense_net_121/runs/2026-07-25_06-30-25_final_noncanonical_loss_ablation,rejected: no composite gain
2026-07-25 06:30:25,Non-canonical loss ablation,ordinal PD-2,completed,Compare CE and ordinal objectives under one split/config,"timm DenseNet-121, linear 1024-to-5 head",384x384,,,natural orientation; training flip only,full inverse-frequency WeightedRandomSampler,ordinal PD-2,5 head warm-up + 15 coarse + 10 full fine-tune,AdamW,3e-4; backbone/head 3e-5/3e-4; full 1e-5,1e-4 then 1e-3,48,validation: 0.55 QWK + 0.30 macro F1 + 0.15 macro AP,validation,,0.3862,0.6679,,,0.3352,0.8824,0.3521,,final-layer Grad-CAM unless stated otherwise,docs/report/dense_net_121/runs/2026-07-25_06-30-25_final_noncanonical_loss_ablation,rejected: severe class trade-off
2026-07-25 06:30:25.175448,DENSENET121 - Final Natural-Orientation Loss Ablation,CE; ordinal PD-2; CE + 0.25 ordinal PD-2,selected/deployed for external audit,"This controlled experiment compared standard Cross-Entropy (CE), ordinal PD-2, and CE plus ordinal PD-2 under the same split, seed, sampler, augmentation, training schedule, and five-map native-CAM architecture. It retained natural left/right orientation, used horizontal flipping only as training augmentation, square-padded the complete knee ROI, and resized directly to 384x384 without a center crop. CE was selected at epoch 24 by the validation-only composite score. Its final labeled test results were Accuracy 0.6504, QWK 0.8197, macro F1 0.6823, Average Precision 0.7309, and ROC AUC 0.8935.",finallinearnativecam,384x384 direct resize after square padding,"Square pad, LAB-space CLAHE (clipLimit=2.0, tileGridSize=8x8), direct resize to 384x384, ImageNet normalization","Horizontal flip p=0.50; rotation +/-5 degrees; brightness and contrast jitter 0.08; random erasing p=0.10, scale 0.02-0.05, ratio 0.5-2.0",Disabled; left and right knees retain their natural orientation,"Full inverse-frequency WeightedRandomSampler, replacement enabled, one sampled epoch equal to the training-set size","Cross-Entropy (CE), selected",30 epochs: 5 head warm-up + 15 coarse fine-tuning + 10 full fine-tuning,AdamW,lr_warmup=3e-4; lr_coarse_head=3e-4; lr_coarse_backbone=3e-5; lr_finetune=1e-5; lr_standard=3e-4,1e-4,48 / 4 persistent workers,Validation only: 0.55QWK + 0.30macroF1 + 0.15macroAP,historical Kaggle train/validation/test split; patient grouping not documented,24 (fine-tune),0.6504,0.8197,0.6867,0.6804,0.6823,0.3953,0.7309,0.8935,Five 1x1 class maps; logits are their spatial means; native CAM is the positive map for the selected grade,docs/report/dense_net_121/runs/2026-07-25_06-30-25_final_noncanonical_loss_ablation,Retain CE for classification; external CAM localization is not production-grade.
2026-07-25 23:48:22,Preprocessing quality ablation,clahe1_25_then_pad,completed,Compare deterministic contrast and padding order,"timm DenseNet-121, linear 1024-to-5 head",384x384,clahe1_25_then_pad,,natural orientation; training flip only,full inverse-frequency WeightedRandomSampler,cross-entropy,5 head warm-up + 15 coarse + 10 full fine-tune,AdamW,3e-4; backbone/head 3e-5/3e-4; full 1e-5,1e-4 then 1e-3,48,validation: 0.55 QWK + 0.30 macro F1 + 0.15 macro AP,validation,30,0.6695,0.8274,,,0.7061,0.5294,0.7411,0.8951,final-layer Grad-CAM unless stated otherwise,docs/report/dense_net_121/runs/2026-07-25_23-48-22_preprocessing_quality_ablation,validation winner
2026-07-25 23:48:22,Preprocessing quality ablation,clahe1_25_then_pad_acquisition_robust,completed,Compare deterministic contrast and padding order,"timm DenseNet-121, linear 1024-to-5 head",384x384,clahe1_25_then_pad_acquisition_robust,,natural orientation; training flip only,full inverse-frequency WeightedRandomSampler,cross-entropy,5 head warm-up + 15 coarse + 10 full fine-tune,AdamW,3e-4; backbone/head 3e-5/3e-4; full 1e-5,1e-4 then 1e-3,48,validation: 0.55 QWK + 0.30 macro F1 + 0.15 macro AP,validation,30,0.6477,0.8082,,,0.693,0.4837,0.7458,0.8941,final-layer Grad-CAM unless stated otherwise,docs/report/dense_net_121/runs/2026-07-25_23-48-22_preprocessing_quality_ablation,rejected: AP gain but lower QWK/F1
2026-07-25 23:48:22,Preprocessing quality ablation,clahe2_then_pad,completed,Compare deterministic contrast and padding order,"timm DenseNet-121, linear 1024-to-5 head",384x384,clahe2_then_pad,,natural orientation; training flip only,full inverse-frequency WeightedRandomSampler,cross-entropy,5 head warm-up + 15 coarse + 10 full fine-tune,AdamW,3e-4; backbone/head 3e-5/3e-4; full 1e-5,1e-4 then 1e-3,48,validation: 0.55 QWK + 0.30 macro F1 + 0.15 macro AP,validation,27,0.6598,0.8176,,,0.6879,0.4248,0.7341,0.8896,final-layer Grad-CAM unless stated otherwise,docs/report/dense_net_121/runs/2026-07-25_23-48-22_preprocessing_quality_ablation,rejected
2026-07-25 23:48:22,Preprocessing quality ablation,pad_then_clahe2,completed,Compare deterministic contrast and padding order,"timm DenseNet-121, linear 1024-to-5 head",384x384,pad_then_clahe2,,natural orientation; training flip only,full inverse-frequency WeightedRandomSampler,cross-entropy,5 head warm-up + 15 coarse + 10 full fine-tune,AdamW,3e-4; backbone/head 3e-5/3e-4; full 1e-5,1e-4 then 1e-3,48,validation: 0.55 QWK + 0.30 macro F1 + 0.15 macro AP,validation,30,0.6489,0.811,,,0.6867,0.4314,0.7317,0.8881,final-layer Grad-CAM unless stated otherwise,docs/report/dense_net_121/runs/2026-07-25_23-48-22_preprocessing_quality_ablation,baseline
2026-07-25 23:48:22,Preprocessing quality ablation,percentile_1_99_then_pad,completed,Compare deterministic contrast and padding order,"timm DenseNet-121, linear 1024-to-5 head",384x384,percentile_1_99_then_pad,,natural orientation; training flip only,full inverse-frequency WeightedRandomSampler,cross-entropy,5 head warm-up + 15 coarse + 10 full fine-tune,AdamW,3e-4; backbone/head 3e-5/3e-4; full 1e-5,1e-4 then 1e-3,48,validation: 0.55 QWK + 0.30 macro F1 + 0.15 macro AP,validation,27,0.6671,0.8242,,,0.6797,0.4444,0.731,0.8964,final-layer Grad-CAM unless stated otherwise,docs/report/dense_net_121/runs/2026-07-25_23-48-22_preprocessing_quality_ablation,rejected
2026-07-25 23:48:22,Preprocessing quality ablation,raw_then_pad,completed,Compare deterministic contrast and padding order,"timm DenseNet-121, linear 1024-to-5 head",384x384,raw_then_pad,,natural orientation; training flip only,full inverse-frequency WeightedRandomSampler,cross-entropy,5 head warm-up + 15 coarse + 10 full fine-tune,AdamW,3e-4; backbone/head 3e-5/3e-4; full 1e-5,1e-4 then 1e-3,48,validation: 0.55 QWK + 0.30 macro F1 + 0.15 macro AP,validation,29,0.6489,0.8117,,,0.681,0.4444,0.7305,0.8899,final-layer Grad-CAM unless stated otherwise,docs/report/dense_net_121/runs/2026-07-25_23-48-22_preprocessing_quality_ablation,rejected
2026-07-26 06:44:07,Preprocessing confirmation,clahe1_25_then_pad,completed,Uninterrupted two-arm confirmation,"timm DenseNet-121, linear 1024-to-5 head",384x384,clahe1_25_then_pad,,natural orientation; training flip only,full inverse-frequency WeightedRandomSampler,cross-entropy,5 head warm-up + 15 coarse + 10 full fine-tune,AdamW,3e-4; backbone/head 3e-5/3e-4; full 1e-5,1e-4 then 1e-3,48,validation: 0.55 QWK + 0.30 macro F1 + 0.15 macro AP,validation,,,0.8142,,,0.6846,0.4837,0.7366,,final-layer Grad-CAM unless stated otherwise,docs/report/dense_net_121/runs/2026-07-26_06-44-07_preprocessing_confirmation,confirmed for subsequent training
2026-07-26 06:44:07,Preprocessing confirmation,pad_then_clahe2,completed,Uninterrupted two-arm confirmation,"timm DenseNet-121, linear 1024-to-5 head",384x384,pad_then_clahe2,,natural orientation; training flip only,full inverse-frequency WeightedRandomSampler,cross-entropy,5 head warm-up + 15 coarse + 10 full fine-tune,AdamW,3e-4; backbone/head 3e-5/3e-4; full 1e-5,1e-4 then 1e-3,48,validation: 0.55 QWK + 0.30 macro F1 + 0.15 macro AP,validation,,,0.8065,,,0.6878,0.4314,0.7316,,final-layer Grad-CAM unless stated otherwise,docs/report/dense_net_121/runs/2026-07-26_06-44-07_preprocessing_confirmation,control
2026-07-28 04:58:51,ROI robustness ablation,geometry_plus_acquisition,completed,Test geometry/acquisition robustness without changing loss,"timm DenseNet-121, linear 1024-to-5 head",384x384,,,natural orientation; training flip only,full inverse-frequency WeightedRandomSampler,cross-entropy,5 head warm-up + 15 coarse + 10 full fine-tune,AdamW,3e-4; backbone/head 3e-5/3e-4; full 1e-5,1e-4 then 1e-3,48,validation: 0.55 QWK + 0.30 macro F1 + 0.15 macro AP,validation,,,0.8,,,0.6625,0.451,0.7329,,final-layer Grad-CAM unless stated otherwise,docs/report/dense_net_121/runs/2026-07-28_04-58-51_roi_robustness_ablation,rejected
2026-07-28 04:58:51,ROI robustness ablation,roi_geometry_jitter,completed,Test geometry/acquisition robustness without changing loss,"timm DenseNet-121, linear 1024-to-5 head",384x384,,,natural orientation; training flip only,full inverse-frequency WeightedRandomSampler,cross-entropy,5 head warm-up + 15 coarse + 10 full fine-tune,AdamW,3e-4; backbone/head 3e-5/3e-4; full 1e-5,1e-4 then 1e-3,48,validation: 0.55 QWK + 0.30 macro F1 + 0.15 macro AP,validation,,,0.7999,,,0.6797,0.451,0.7371,,final-layer Grad-CAM unless stated otherwise,docs/report/dense_net_121/runs/2026-07-28_04-58-51_roi_robustness_ablation,rejected
2026-07-28 04:58:51,ROI robustness ablation,single_cutout_control,completed,Test geometry/acquisition robustness without changing loss,"timm DenseNet-121, linear 1024-to-5 head",384x384,,,natural orientation; training flip only,full inverse-frequency WeightedRandomSampler,cross-entropy,5 head warm-up + 15 coarse + 10 full fine-tune,AdamW,3e-4; backbone/head 3e-5/3e-4; full 1e-5,1e-4 then 1e-3,48,validation: 0.55 QWK + 0.30 macro F1 + 0.15 macro AP,validation,,,0.8177,,,0.6836,0.4641,0.7526,,final-layer Grad-CAM unless stated otherwise,docs/report/dense_net_121/runs/2026-07-28_04-58-51_roi_robustness_ablation,retained control; no candidate passed all gates
2026-07-29 12:21:26,Published/YOLO paired-view ablation,paired_expanded_x1_15,completed,Reduce published-crop to production-ROI domain shift,"timm DenseNet-121, linear 1024-to-5 head",384x384,CLAHE 1.25 then square pad,50/50 published crop and expanded YOLO ROI,natural orientation; training flip only,full inverse-frequency WeightedRandomSampler,cross-entropy,5 head warm-up + 15 coarse + 10 full fine-tune,AdamW,3e-4; backbone/head 3e-5/3e-4; full 1e-5,1e-4 then 1e-3,48,validation: 0.55 QWK + 0.30 macro F1 + 0.15 macro AP,validation in both domains,5,,0.7189,,,0.6064,,0.6551,,final-layer Grad-CAM unless stated otherwise,docs/report/dense_net_121/runs/2026-07-29_12-21-26_paired_view_ablation,best target-domain arm; superseded by production paired-view run
2026-07-30 07:08:32,Production base training,original_224_ce_3stage,completed,Train the base model on published 224px crops,"timm DenseNet-121, linear 1024-to-5 head",384x384,CLAHE 1.25 then square pad,,natural orientation; training flip only,full inverse-frequency WeightedRandomSampler,cross-entropy,5 head warm-up + 15 coarse + 10 full fine-tune,AdamW,3e-4; backbone/head 3e-5/3e-4; full 1e-5,1e-4 then 1e-3,48,validation: 0.55 QWK + 0.30 macro F1 + 0.15 macro AP,published test,stage 3,0.6697,0.833,0.68,0.68,0.68,,0.7305,0.898,final-layer Grad-CAM unless stated otherwise,docs/report/dense_net_121/runs/2026-07-30_07-08-32_original_224_ce_3stage,base checkpoint used for paired-view production adaptation
2026-07-30 15:45:03,Production-ROI robustness fine-tune,crop_jitter_candidate_epoch4,completed,Test crop expansion/translation robustness,"timm DenseNet-121, linear 1024-to-5 head",384x384,,,natural orientation; training flip only,full inverse-frequency WeightedRandomSampler,cross-entropy,5 head warm-up + 15 coarse + 10 full fine-tune,AdamW,3e-4; backbone/head 3e-5/3e-4; full 1e-5,1e-4 then 1e-3,48,validation: 0.55 QWK + 0.30 macro F1 + 0.15 macro AP,fixed production ROI validation,,0.6186,0.765,,,0.6451,,0.6756,,final-layer Grad-CAM unless stated otherwise,docs/report/dense_net_121/runs/2026-07-30_15-45-03_production_roi_robustness,rejected: worse aggregate CAM geometry
2026-07-30 15:45:03,Production-ROI robustness fine-tune,fixed_roi_baseline,completed,Test crop expansion/translation robustness,"timm DenseNet-121, linear 1024-to-5 head",384x384,,,natural orientation; training flip only,full inverse-frequency WeightedRandomSampler,cross-entropy,5 head warm-up + 15 coarse + 10 full fine-tune,AdamW,3e-4; backbone/head 3e-5/3e-4; full 1e-5,1e-4 then 1e-3,48,validation: 0.55 QWK + 0.30 macro F1 + 0.15 macro AP,fixed production ROI validation,,0.5884,0.7405,,,0.622,,0.6665,,final-layer Grad-CAM unless stated otherwise,docs/report/dense_net_121/runs/2026-07-30_15-45-03_production_roi_robustness,production baseline
2026-07-31 00:49:00,Deep/GLCM feature fusion,deep_glcm_additive,completed,Test whether texture features improve the production checkpoint,"timm DenseNet-121, linear 1024-to-5 head",384x384,,,natural orientation; training flip only,full inverse-frequency WeightedRandomSampler,cross-entropy,5 head warm-up + 15 coarse + 10 full fine-tune,AdamW,3e-4; backbone/head 3e-5/3e-4; full 1e-5,1e-4 then 1e-3,48,validation: 0.55 QWK + 0.30 macro F1 + 0.15 macro AP,validation; multi-seed comparison,5,0.6235,0.77368,,,0.6519,0.4379,0.69634,0.87394,final-layer Grad-CAM unless stated otherwise,docs/report/dense_net_121/runs/2026-07-31_00-49-00_glcm_fusion_comparison,not promoted: predeclared multi-seed gates not met
2026-07-30 09:03:29,Production paired-view adaptation,published_yolo_50_50_x1_15,deployed,Adapt base checkpoint to exact production YOLO crop domain,"timm DenseNet-121, linear 1024-to-5 head",384x384,CLAHE 1.25 then square pad,mild training augmentation plus 50/50 published/YOLO view,natural orientation; training flip only,full inverse-frequency WeightedRandomSampler,cross-entropy,5 full-network adaptation epochs,AdamW,3e-4; backbone/head 3e-5/3e-4; full 1e-5,1e-4 then 1e-3,48,validation: 0.55 QWK + 0.30 macro F1 + 0.15 macro AP,locked production-style YOLO ROI test (n=1656),4,0.597222,0.77022,0.617728,0.641962,0.62152,0.375,0.669585,0.861109,final-layer Grad-CAM unless stated otherwise,docs/report/dense_net_121/runs/2026-07-30_09-03-29_paired_view_yolo_roi,current production checkpoint
